"hotel","tahun","lama_inap","dewasa","anakanak","balita","negara","sistem_boking","tipe_kamar","tipe_tamu","total","keterangan","tanggal_transaksi","ID"
"City Hotel",2015,2,1,0,0,"PRT","Call-Center","VIP","Sementara",0,"Check-Out",2015-07-03,69
"City Hotel",2015,4,2,0,0,"PRT","Call-Center","VIP","Sementara",76.5,"Check-In",2015-07-01,30
"City Hotel",2015,4,1,0,0,"PRT","Call-Center","VIP","Sementara",68,"Check-In",2015-04-30,31
"City Hotel",2015,4,2,0,0,"PRT","Call-Center","VIP","Sementara",76.5,"Check-In",2015-06-23,90
"City Hotel",2015,2,2,0,0,"PRT","Call-Center","VIP","Sementara",76.5,"Check-In",2015-04-02,73
"City Hotel",2015,3,2,0,0,"PRT","Call-Center","VIP","Sementara",76.5,"Check-In",2015-06-25,3
"City Hotel",2015,3,1,0,0,"PRT","Call-Center","VIP","Member",58.67,"Check-Out",2015-07-05,86
"City Hotel",2015,3,1,0,0,"PRT","Call-Center","VIP","Sementara",68,"Check-In",2015-06-25,18
"City Hotel",2015,3,2,0,0,"PRT","Call-Center","VIP","Sementara",76.5,"Booking",2015-07-02,91
"City Hotel",2015,3,2,0,0,"PRT","Call-Center","VIP","Sementara",76.5,"Booking",2015-07-02,33
"City Hotel",2015,2,2,0,0,"PRT","Call-Center","VIP","Member",86,"Check-Out",2015-07-05,50
"City Hotel",2015,2,2,0,0,"PRT","Call-Center","VIP","Member",43,"Check-Out",2015-07-05,42
"City Hotel",2015,2,2,0,0,"PRT","Call-Center","VIP","Member",86,"Check-Out",2015-07-05,75
"City Hotel",2015,2,1,0,0,"PRT","Call-Center","VIP","Member",63,"Check-Out",2015-07-05,15
"City Hotel",2015,2,2,0,0,"PRT","Call-Center","VIP","Member",86,"Check-In",2015-06-29,45
"City Hotel",2015,2,1,0,0,"PRT","Call-Center","VIP","Member",63,"Check-Out",2015-07-05,66
"City Hotel",2015,2,1,0,0,"PRT","Call-Center","VIP","Member",63,"Check-In",2015-06-16,47
"City Hotel",2015,2,2,0,0,"PRT","Call-Center","VIP","Member",86,"Check-Out",2015-07-05,46
"City Hotel",2015,2,2,0,0,"PRT","Call-Center","VIP","Member",86,"Check-Out",2015-07-05,88
"City Hotel",2015,2,1,0,0,"PRT","Call-Center","VIP","Member",63,"Check-In",2015-06-29,28
"City Hotel",2015,2,2,0,0,"PRT","Call-Center","VIP","Member",86,"Check-In",2015-06-16,11
"City Hotel",2015,2,2,0,0,"PRT","Call-Center","VIP","Sementara",63.75,"Check-In",2015-06-30,82
"City Hotel",2015,2,2,0,0,"PRT","Call-Center","VIP","Member",86,"Check-Out",2015-07-05,89
"City Hotel",2015,2,2,0,0,"PRT","Call-Center","VIP","Member",86,"Check-Out",2015-07-05,12
"City Hotel",2015,2,2,0,0,"PRT","Call-Center","VIP","Sementara",76.5,"Check-In",2015-04-17,4
"City Hotel",2015,5,2,0,0,"PRT","Call-Center","VIP","Sementara",60.27,"Check-Out",2015-07-10,76
"City Hotel",2015,1,1,0,0,"PRT","Call-Center","VIP","Sementara",68,"Check-In",2015-06-01,25
"City Hotel",2015,1,1,0,0,"PRT","Call-Center","VIP","Sementara",68,"Check-In",2015-06-23,36
"City Hotel",2015,1,2,0,0,"PRT","Call-Center","VIP","Sementara",76.5,"Check-In",2015-06-15,38
"City Hotel",2015,2,1,0,0,"PRT","Call-Center","VIP","Member",60,"Check-Out",2015-07-08,94
"City Hotel",2015,1,2,0,0,"PRT","Call-Center","VIP","Sementara",55.8,"Check-In",2015-06-30,71
"City Hotel",2015,1,2,0,0,"PRT","Call-Center","VIP","Sementara",52.36,"Check-In",2015-06-20,35
"City Hotel",2015,3,2,0,0,"PRT","Call-Center","VIP","Sementara",49.74,"Check-In",2015-07-03,40
"City Hotel",2015,1,2,0,0,"PRT","Call-Center","VIP","Sementara",76.5,"Check-In",2015-06-20,48
"City Hotel",2015,3,1,0,0,"PRT","Call-Center","VIP","Sementara",68,"Check-In",2015-04-21,59
"City Hotel",2015,4,1,0,0,"PRT","Call-Center","VIP","Sementara",68,"Check-In",2015-06-20,43
"City Hotel",2015,4,2,0,1,"PRT","Call-Center","VIP","Sementara",93.6,"Check-In",2015-06-15,24
"City Hotel",2015,5,2,0,0,"PRT","Call-Center","VIP","Sementara",76.5,"Check-In",2015-05-22,98
"City Hotel",2015,6,2,0,0,"PRT","Call-Center","VIP","Sementara",76.5,"Check-In",2015-06-25,78
"City Hotel",2015,2,2,0,0,"PRT","Call-Center","VIP","Sementara",76.5,"Booking",2015-07-06,72
"City Hotel",2015,3,2,0,0,"PRT","Call-Center","VIP","Sementara",76.5,"Check-In",2015-06-17,9
"City Hotel",2015,4,2,0,0,"PRT","Call-Center","VIP","Sementara",68,"Check-In",2015-06-27,96
"City Hotel",2015,4,1,0,0,"PRT","Call-Center","VIP","Sementara",68,"Check-In",2015-06-26,41
"City Hotel",2015,4,2,0,0,"PRT","Call-Center","VIP","Member",81,"Check-In",2015-06-27,57
"City Hotel",2015,2,2,1,0,"PRT","Call-Center","VIP","Sementara",76.08,"Check-Out",2015-07-09,27
"City Hotel",2015,3,2,0,0,"PRT","Call-Center","VIP","Member",76.5,"Check-In",2015-06-17,67
"City Hotel",2015,3,2,0,0,"PRT","Call-Center","VIP","Member",76.5,"Check-In",2015-06-17,14
"City Hotel",2015,3,2,0,0,"PRT","Call-Center","VIP","Sementara",37.33,"Check-In",2015-06-16,7
"City Hotel",2015,4,2,0,0,"PRT","Call-Center","VIP","Sementara",76.5,"Check-In",2015-06-29,22
"City Hotel",2015,4,2,0,0,"PRT","Call-Center","VIP","Member",90,"Check-In",2015-06-27,74
"City Hotel",2015,5,2,0,0,"PRT","Langsung","VIP","Member",45,"Check-In",2015-07-07,81
"City Hotel",2015,5,2,0,0,"PRT","Langsung","VIP","Member",45,"Check-In",2015-07-07,83
"City Hotel",2015,5,2,0,0,"PRT","Call-Center","VIP","Sementara",76.5,"Check-In",2015-07-07,19
"City Hotel",2015,8,2,0,0,"PRT","Call-Center","VIP","Sementara",62.37,"Check-Out",2015-07-17,49
"City Hotel",2015,15,1,0,0,"PRT","Call-Center","VIP","Sementara",48.6,"Check-In",2015-04-08,53
"City Hotel",2015,15,1,0,0,"PRT","Call-Center","VIP","Sementara",48.6,"Check-In",2015-04-11,99
"City Hotel",2015,15,1,0,0,"PRT","Call-Center","VIP","Sementara",48.6,"Check-In",2015-04-08,23
"City Hotel",2015,2,2,0,0,"PRT","Call-Center","VIP","Member",62,"Check-Out",2015-07-10,39
"City Hotel",2015,2,2,0,0,"PRT","Call-Center","VIP","Sementara",76.5,"Check-In",2015-04-05,10
"City Hotel",2015,4,2,0,0,"PRT","Call-Center","VIP","Sementara",67.5,"Check-Out",2015-07-13,92
"City Hotel",2015,4,2,0,0,"PRT","Call-Center","VIP","Sementara",76.5,"Check-In",2015-06-29,56
"City Hotel",2015,4,2,0,0,"PRT","Call-Center","VIP","Sementara",76.5,"Check-Out",2015-07-13,58
"City Hotel",2015,5,2,0,0,"PRT","Call-Center","VIP","Sementara",76.5,"Check-In",2015-06-25,1
"City Hotel",2015,8,2,0,0,"PRT","Call-Center","VIP","Sementara",68.85,"Check-In",2015-05-14,68
"City Hotel",2015,8,2,0,0,"PRT","Call-Center","VIP","Sementara",68.85,"Check-In",2015-05-07,34
"City Hotel",2015,2,3,0,0,"PRT","Call-Center","VIP","Sementara",100,"Check-In",2015-06-15,85
"City Hotel",2015,3,2,0,0,"PRT","Call-Center","VIP","Sementara",76.5,"Check-In",2015-06-27,37
"City Hotel",2015,3,2,0,0,"PRT","Call-Center","VIP","Sementara",58.9,"Check-Out",2015-07-14,60
"City Hotel",2015,1,2,0,0,"PRT","Call-Center","VIP","Sementara",63.75,"Check-In",2015-06-30,55
"City Hotel",2015,2,2,0,0,"PRT","Call-Center","VIP","Sementara",68.85,"Check-In",2015-07-01,20
"City Hotel",2015,2,2,0,0,"PRT","Langsung","VIP","Sementara",76.5,"Check-In",2015-07-10,17
"City Hotel",2015,3,1,0,0,"PRT","Call-Center","VIP","Sementara",68,"Check-In",2015-05-25,79
"City Hotel",2015,3,2,2,0,"PRT","Call-Center","VIP","Sementara",106.25,"Check-Out",2015-07-15,84
"City Hotel",2015,7,2,0,0,"PRT","Call-Center","VIP","Sementara",58.9,"Check-In",2015-06-01,62
"City Hotel",2015,7,2,0,0,"PRT","Call-Center","VIP","Sementara",58.9,"Check-In",2015-06-01,77
"City Hotel",2015,1,1,0,0,"PRT","Call-Center","VIP","Sementara",51.96,"Check-Out",2015-07-12,93
"City Hotel",2015,1,2,0,0,"PRT","Call-Center","VIP","Member",75,"Check-Out",2015-07-12,44
"City Hotel",2015,1,1,0,0,"PRT","Call-Center","VIP","Sementara",51.96,"Check-Out",2015-07-12,13
"City Hotel",2015,1,3,0,0,"PRT","Call-Center","VIP","Member",104,"Check-Out",2015-07-12,32
"City Hotel",2015,1,2,0,0,"PRT","Call-Center","VIP","Sementara",76.5,"Check-In",2015-06-27,51
"City Hotel",2015,1,2,0,0,"PRT","Call-Center","VIP","Member",94.5,"Check-Out",2015-07-14,80
"City Hotel",2015,1,2,0,0,"PRT","Call-Center","VIP","Member",94.5,"Check-Out",2015-07-14,54
"City Hotel",2015,1,2,0,0,"PRT","Call-Center","VIP","Sementara",76.5,"Check-In",2015-06-12,5
"City Hotel",2015,1,2,0,0,"PRT","Call-Center","VIP","Sementara",76.5,"Check-In",2015-05-11,65
"City Hotel",2015,1,2,0,0,"PRT","Call-Center","VIP","Member",94.5,"Check-Out",2015-07-14,6
"City Hotel",2015,1,2,0,0,"ITA","Call-Center","VIP","Member",94.5,"Check-In",2015-06-23,21
"City Hotel",2015,1,3,0,0,"PRT","Call-Center","VIP","Member",138.5,"Check-Out",2015-07-14,95
"City Hotel",2015,1,2,0,0,"PRT","Call-Center","VIP","Sementara",55.96,"Check-Out",2015-07-14,16
"City Hotel",2015,1,2,0,0,"PRT","Call-Center","VIP","Member",94.5,"Check-Out",2015-07-14,61
"City Hotel",2015,1,2,0,0,"PRT","Call-Center","VIP","Member",94.5,"Check-Out",2015-07-14,64
"City Hotel",2015,1,1,0,0,"PRT","Call-Center","VIP","Member",72.5,"Check-Out",2015-07-14,97
"City Hotel",2015,1,2,0,0,"ITA","Call-Center","VIP","Member",94.5,"Check-In",2015-06-23,52
"City Hotel",2015,1,2,0,0,"ITA","Call-Center","VIP","Member",94.5,"Check-In",2015-06-23,26
"City Hotel",2015,1,2,0,0,"PRT","Call-Center","VIP","Member",94.5,"Check-Out",2015-07-14,63
"City Hotel",2015,1,2,0,0,"ITA","Call-Center","VIP","Member",94.5,"Check-In",2015-06-23,100
"City Hotel",2015,1,1,0,0,"PRT","Call-Center","VIP","Member",72.5,"Check-Out",2015-07-14,70
"City Hotel",2015,1,2,0,0,"PRT","Call-Center","VIP","Member",94.5,"Check-Out",2015-07-14,2
"City Hotel",2015,1,2,0,0,"ITA","Call-Center","VIP","Member",94.5,"Check-In",2015-06-23,8
"City Hotel",2015,1,2,0,0,"ITA","Call-Center","VIP","Member",94.5,"Check-In",2015-06-23,29
"City Hotel",2015,1,2,0,0,"PRT","Call-Center","VIP","Member",94.5,"Check-Out",2015-07-14,87
"City Hotel",2015,1,2,0,0,"ITA","Call-Center","VIP","Member",94.5,"Check-In",2015-06-23,69
"City Hotel",2015,1,2,0,0,"PRT","Call-Center","VIP","Sementara",55.96,"Check-Out",2015-07-14,30
"City Hotel",2015,1,1,0,0,"PRT","Call-Center","VIP","Member",72.5,"Check-Out",2015-07-14,31
"City Hotel",2015,1,2,0,0,"PRT","Call-Center","VIP","Sementara",58.9,"Check-Out",2015-07-14,90
"City Hotel",2015,1,2,0,0,"PRT","Call-Center","VIP","Member",94.5,"Check-Out",2015-07-14,73
"City Hotel",2015,1,2,0,0,"PRT","Call-Center","VIP","Member",94.5,"Check-Out",2015-07-14,3
"City Hotel",2015,1,2,0,0,"PRT","Call-Center","VIP","Member",94.5,"Check-Out",2015-07-14,86
"City Hotel",2015,1,2,0,0,"PRT","Call-Center","VIP","Member",94.5,"Check-Out",2015-07-14,18
"City Hotel",2015,1,2,0,0,"ITA","Call-Center","VIP","Member",94.5,"Check-In",2015-06-23,91
"City Hotel",2015,1,2,0,0,"PRT","Call-Center","VIP","Sementara",76.5,"Check-In",2015-05-11,33
"City Hotel",2015,1,2,0,0,"PRT","Call-Center","VIP","Member",94.5,"Check-Out",2015-07-14,50
"City Hotel",2015,1,2,0,0,"ITA","Call-Center","VIP","Member",94.5,"Check-In",2015-06-23,42
"City Hotel",2015,1,3,0,0,"PRT","Call-Center","VIP","Member",138.5,"Check-Out",2015-07-14,75
"City Hotel",2015,1,2,0,0,"PRT","Call-Center","VIP","Member",94.5,"Check-Out",2015-07-14,15
"City Hotel",2015,1,2,0,0,"ITA","Call-Center","VIP","Member",94.5,"Check-In",2015-06-23,45
"City Hotel",2015,1,2,0,0,"ITA","Call-Center","VIP","Member",94.5,"Check-In",2015-06-23,66
"City Hotel",2015,1,2,0,0,"PRT","Call-Center","VIP","Sementara",76.5,"Check-In",2015-07-02,47
"City Hotel",2015,4,2,0,0,"PRT","Call-Center","VIP","Sementara",76.5,"Check-In",2015-06-15,46
"City Hotel",2015,1,2,0,0,"PRT","Call-Center","VIP","Sementara",63.75,"Check-Out",2015-07-14,88
"City Hotel",2015,1,2,0,0,"PRT","Langsung","VIP","Sementara",76.5,"Booking",2015-07-13,28
"City Hotel",2015,1,2,0,0,"PRT","Call-Center","VIP","Member",76.5,"Check-In",2015-06-17,11
"City Hotel",2015,1,2,0,0,"PRT","Langsung","VIP","Sementara",91.33,"Booking",2015-07-13,82
"City Hotel",2015,1,2,0,0,"PRT","Langsung","VIP","Sementara",76.5,"Booking",2015-07-13,89
"City Hotel",2015,1,2,1,0,"PRT","Langsung","VIP","Sementara",91.33,"Booking",2015-07-13,12
"City Hotel",2015,1,2,0,0,"PRT","Call-Center","VIP","Member",76.5,"Check-In",2015-06-17,4
"City Hotel",2015,1,2,0,0,"PRT","Langsung","VIP","Sementara",91.33,"Booking",2015-07-13,76
"City Hotel",2015,1,2,0,0,"PRT","Call-Center","VIP","Sementara",76.5,"Check-In",2015-06-30,25
"City Hotel",2015,1,1,0,0,"PRT","Langsung","VIP","Sementara",67.15,"Booking",2015-07-13,36
"City Hotel",2015,2,2,0,0,"PRT","Call-Center","VIP","Sementara",76.5,"Booking",2015-07-13,38
"City Hotel",2015,2,2,0,0,"PRT","Call-Center","VIP","Sementara",76.5,"Check-In",2015-06-29,94
"City Hotel",2015,3,2,0,0,"PRT","Call-Center","VIP","Sementara",76.5,"Check-In",2015-03-13,71
"City Hotel",2015,3,2,0,0,"PRT","Call-Center","VIP","Sementara",76.5,"Check-In",2015-06-30,35
"City Hotel",2015,5,2,0,0,"PRT","Call-Center","VIP","Sementara",76.5,"Check-In",2015-07-03,40
"City Hotel",2015,7,2,0,0,"PRT","Call-Center","VIP","Sementara",55.96,"Check-In",2015-07-07,48
"City Hotel",2015,1,2,0,0,"PRT","Langsung","EXC","Sementara",0,"Check-In",2015-07-15,59
"City Hotel",2015,4,2,0,0,"PRT","Call-Center","VIP","Sementara",85.5,"Check-In",2015-06-30,43
"City Hotel",2015,4,2,0,0,"PRT","Call-Center","EXC","Sementara",89.25,"Booking",2015-07-15,24
"City Hotel",2015,4,2,0,0,"PRT","Call-Center","EXC","Sementara",89.25,"Check-In",2015-05-08,98
"City Hotel",2015,4,2,0,0,"PRT","Call-Center","VIP","Sementara",76.5,"Check-In",2015-06-20,78
"City Hotel",2015,5,2,0,0,"PRT","Langsung","VIP","Sementara",0,"Check-Out",2015-07-22,72
"City Hotel",2015,7,1,0,0,"PRT","Call-Center","VIP","Sementara",68,"Check-In",2015-07-02,9
"City Hotel",2015,7,1,0,0,"PRT","Call-Center","VIP","Sementara",68,"Check-In",2015-05-27,96
"City Hotel",2015,1,2,0,0,"PRT","Call-Center","VIP","Sementara",76.5,"Check-In",2015-05-07,41
"City Hotel",2015,1,2,0,0,"PRT","Call-Center","VIP","Sementara",76.5,"Check-In",2015-05-07,57
"City Hotel",2015,2,2,0,0,"PRT","Call-Center","VIP","Sementara",76.5,"Check-In",2015-04-29,27
"City Hotel",2015,2,2,0,0,"PRT","Call-Center","VIP","Sementara",85.5,"Booking",2015-07-16,67
"City Hotel",2015,5,2,0,0,"PRT","Call-Center","VIP","Sementara",76.5,"Check-In",2015-06-17,14
"City Hotel",2015,3,2,0,0,"PRT","Call-Center","VIP","Sementara",76.5,"Check-In",2015-07-16,7
"City Hotel",2015,2,1,0,0,"PRT","Call-Center","VIP","Sementara",52.36,"Check-In",2015-07-13,22
"City Hotel",2015,1,1,0,0,"PRT","Call-Center","VIP","Member",57.5,"Check-Out",2015-07-20,74
"City Hotel",2015,1,1,0,0,"PRT","Call-Center","VIP","Member",57.5,"Check-Out",2015-07-20,81
"City Hotel",2015,1,3,0,0,"PRT","Call-Center","VIP","Member",108.75,"Check-Out",2015-07-20,83
"City Hotel",2015,1,2,0,0,"PRT","Call-Center","VIP","Member",75,"Check-Out",2015-07-20,19
"City Hotel",2015,1,2,0,0,"PRT","Call-Center","VIP","Member",75,"Check-Out",2015-07-20,49
"City Hotel",2015,1,2,0,0,"PRT","Call-Center","VIP","Member",75,"Check-Out",2015-07-20,53
"City Hotel",2015,1,2,0,0,"PRT","Call-Center","VIP","Member",75,"Check-Out",2015-07-20,99
"City Hotel",2015,1,2,0,0,"PRT","Call-Center","VIP","Member",75,"Check-Out",2015-07-20,23
"City Hotel",2015,1,2,0,0,"PRT","Call-Center","VIP","Member",75,"Check-Out",2015-07-20,39
"City Hotel",2015,1,2,0,0,"PRT","Call-Center","VIP","Member",75,"Check-Out",2015-07-20,10
"City Hotel",2015,1,1,0,0,"PRT","Call-Center","VIP","Member",57.5,"Check-Out",2015-07-20,92
"City Hotel",2015,1,2,0,0,"PRT","Call-Center","VIP","Member",75,"Check-Out",2015-07-20,56
"City Hotel",2015,1,2,0,0,"PRT","Call-Center","VIP","Member",75,"Check-Out",2015-07-20,58
"City Hotel",2015,1,3,0,0,"PRT","Call-Center","VIP","Member",108.75,"Check-Out",2015-07-20,1
"City Hotel",2015,1,2,0,0,"PRT","Call-Center","VIP","Member",75,"Check-Out",2015-07-20,68
"City Hotel",2015,1,2,0,0,"PRT","Call-Center","VIP","Member",75,"Check-Out",2015-07-20,34
"City Hotel",2015,1,2,0,0,"PRT","Call-Center","VIP","Member",75,"Check-Out",2015-07-20,85
"City Hotel",2015,1,1,0,0,"PRT","Call-Center","VIP","Member",0,"Check-Out",2015-07-20,37
"City Hotel",2015,1,3,0,0,"PRT","Call-Center","VIP","Member",108.75,"Check-Out",2015-07-20,60
"City Hotel",2015,1,2,0,0,"PRT","Call-Center","VIP","Member",75,"Check-Out",2015-07-20,55
"City Hotel",2015,1,1,0,0,"PRT","Call-Center","VIP","Member",57.5,"Check-Out",2015-07-20,20
"City Hotel",2015,1,2,0,0,"ITA","Call-Center","VIP","Member",94.5,"Check-In",2015-07-16,17
"City Hotel",2015,1,1,0,0,"PRT","Call-Center","VIP","Member",72.5,"Check-Out",2015-07-21,79
"City Hotel",2015,1,2,0,0,"ITA","Call-Center","VIP","Member",94.5,"Check-In",2015-07-16,84
"City Hotel",2015,1,2,0,0,"PRT","Call-Center","VIP","Member",94.5,"Check-Out",2015-07-21,62
"City Hotel",2015,1,2,0,0,"ITA","Call-Center","VIP","Member",94.5,"Check-In",2015-07-16,77
"City Hotel",2015,1,2,0,0,"ITA","Call-Center","VIP","Member",94.5,"Check-In",2015-07-16,93
"City Hotel",2015,1,2,0,0,"ITA","Call-Center","VIP","Member",94.5,"Check-In",2015-07-16,44
"City Hotel",2015,1,2,0,0,"ITA","Call-Center","VIP","Member",94.5,"Check-In",2015-07-16,13
"City Hotel",2015,1,2,0,0,"ITA","Call-Center","VIP","Member",94.5,"Check-In",2015-07-16,32
"City Hotel",2015,1,2,0,0,"PRT","Call-Center","VIP","Member",94.5,"Check-Out",2015-07-21,51
"City Hotel",2015,1,2,0,0,"PRT","Call-Center","VIP","Member",94.5,"Check-Out",2015-07-21,80
"City Hotel",2015,1,2,0,0,"ITA","Call-Center","VIP","Member",94.5,"Check-In",2015-07-16,54
"City Hotel",2015,1,2,0,0,"ITA","Call-Center","VIP","Member",94.5,"Check-In",2015-07-16,5
"City Hotel",2015,1,2,0,0,"PRT","Call-Center","VIP","Member",94.5,"Check-Out",2015-07-21,65
"City Hotel",2015,1,2,0,0,"ITA","Call-Center","VIP","Member",94.5,"Check-In",2015-07-16,6
"City Hotel",2015,1,2,0,0,"ITA","Call-Center","VIP","Member",94.5,"Check-In",2015-07-16,21
"City Hotel",2015,1,2,0,0,"ITA","Call-Center","VIP","Member",94.5,"Check-In",2015-07-16,95
"City Hotel",2015,1,2,0,0,"ITA","Call-Center","VIP","Member",94.5,"Check-In",2015-07-16,16
"City Hotel",2015,1,2,0,0,"ITA","Call-Center","VIP","Member",94.5,"Check-In",2015-07-16,61
"City Hotel",2015,1,2,0,0,"ITA","Call-Center","VIP","Member",94.5,"Check-In",2015-07-16,64
"City Hotel",2015,1,3,0,0,"PRT","Call-Center","VIP","Member",138.5,"Check-Out",2015-07-21,97
"City Hotel",2015,1,2,0,0,"ITA","Call-Center","VIP","Member",94.5,"Check-In",2015-07-16,52
"City Hotel",2015,1,2,0,0,"ITA","Call-Center","VIP","Member",94.5,"Check-In",2015-07-16,26
"City Hotel",2015,1,2,0,0,"ITA","Call-Center","VIP","Member",94.5,"Check-In",2015-07-16,63
"City Hotel",2015,2,2,0,0,"PRT","Call-Center","VIP","Member",62,"Check-Out",2015-07-22,100
"City Hotel",2015,2,2,0,0,"PRT","Call-Center","VIP","Member",62,"Check-Out",2015-07-22,70
"City Hotel",2015,2,1,0,0,"PRT","Call-Center","VIP","Member",0,"Check-Out",2015-07-22,2
"City Hotel",2015,2,2,0,0,"PRT","Call-Center","VIP","Member",62,"Check-In",2015-07-18,8
"City Hotel",2015,2,2,0,0,"PRT","Call-Center","VIP","Member",62,"Check-In",2015-07-18,29
"City Hotel",2015,2,2,0,0,"PRT","Call-Center","VIP","Member",62,"Check-In",2015-07-18,87
"City Hotel",2015,2,1,0,0,"PRT","Call-Center","VIP","Sementara",68,"Check-In",2015-07-18,69
"City Hotel",2015,2,2,0,0,"PRT","Call-Center","VIP","Member",62,"Check-In",2015-07-18,30
"City Hotel",2015,2,2,0,0,"PRT","Call-Center","VIP","Member",62,"Check-In",2015-07-18,31
"City Hotel",2015,2,1,0,0,"PRT","Call-Center","VIP","Member",60,"Check-Out",2015-07-22,90
"City Hotel",2015,2,2,0,0,"PRT","Call-Center","VIP","Member",62,"Check-In",2015-07-18,73
"City Hotel",2015,2,2,0,0,"PRT","Call-Center","VIP","Member",62,"Check-In",2015-07-18,3
"City Hotel",2015,2,2,0,0,"PRT","Call-Center","VIP","Member",62,"Check-Out",2015-07-22,86
"City Hotel",2015,2,2,0,0,"PRT","Call-Center","VIP","Member",62,"Check-Out",2015-07-22,18
"City Hotel",2015,2,2,0,0,"PRT","Call-Center","VIP","Member",62,"Check-In",2015-07-18,91
"City Hotel",2015,2,2,0,0,"PRT","Call-Center","VIP","Member",62,"Check-In",2015-07-18,33
"City Hotel",2015,2,2,0,0,"PRT","Call-Center","VIP","Member",62,"Check-Out",2015-07-22,50
"City Hotel",2015,2,2,0,0,"PRT","Call-Center","VIP","Member",62,"Check-Out",2015-07-22,42
"City Hotel",2015,2,2,0,0,"PRT","Call-Center","VIP","Member",62,"Check-In",2015-07-18,75
"City Hotel",2015,2,2,0,0,"PRT","Call-Center","VIP","Member",62,"Check-In",2015-07-18,15
"City Hotel",2015,2,3,0,0,"PRT","Call-Center","VIP","Member",84,"Check-Out",2015-07-22,45
"City Hotel",2015,2,2,0,0,"PRT","Call-Center","VIP","Member",62,"Check-In",2015-07-18,66
"City Hotel",2015,2,2,0,0,"PRT","Call-Center","VIP","Member",62,"Check-In",2015-07-18,47
"City Hotel",2015,2,2,0,0,"PRT","Call-Center","VIP","Member",62,"Check-Out",2015-07-22,46
"City Hotel",2015,2,2,0,0,"PRT","Call-Center","VIP","Member",62,"Check-In",2015-07-18,88
"City Hotel",2015,2,2,0,0,"PRT","Call-Center","VIP","Member",62,"Check-Out",2015-07-22,28
"City Hotel",2015,2,1,0,0,"PRT","Call-Center","VIP","Member",0,"Check-Out",2015-07-22,11
"City Hotel",2015,2,2,0,0,"PRT","Call-Center","VIP","Member",62,"Check-In",2015-07-18,82
"City Hotel",2015,2,2,0,0,"PRT","Call-Center","VIP","Member",62,"Check-Out",2015-07-22,89
"City Hotel",2015,2,2,0,0,"PRT","Call-Center","VIP","Member",62,"Check-Out",2015-07-22,12
"City Hotel",2015,2,2,0,0,"PRT","Call-Center","VIP","Member",62,"Check-In",2015-07-18,4
"City Hotel",2015,3,2,0,0,"PRT","Call-Center","VIP","Sementara",62,"Check-Out",2015-07-23,76
"City Hotel",2015,1,2,0,0,"PRT","Call-Center","VIP","Sementara",85.5,"Check-In",2015-04-16,25
"City Hotel",2015,2,2,0,0,"PRT","Call-Center","VIP","Member",76.5,"Check-In",2015-07-12,36
"City Hotel",2015,2,2,0,0,"PRT","Call-Center","VIP","Member",76.5,"Check-In",2015-07-12,38
"City Hotel",2015,5,1,0,0,"PRT","Call-Center","VIP","Sementara",80.7,"Check-In",2015-06-29,94
"City Hotel",2015,7,2,0,0,"PRT","Call-Center","VIP","Sementara",76.5,"Check-In",2015-07-11,71
"City Hotel",2015,1,1,0,0,"PRT","Call-Center","VIP","Member",68,"Check-In",2015-07-09,35
"City Hotel",2015,1,2,0,0,"PRT","Call-Center","VIP","Member",76.5,"Check-In",2015-07-09,40
"City Hotel",2015,1,2,0,0,"PRT","Call-Center","VIP","Sementara",46.66,"Check-Out",2015-07-22,48
"City Hotel",2015,3,2,0,0,"PRT","Call-Center","VIP","Sementara",104,"Check-Out",2015-07-20,59
"City Hotel",2015,8,2,0,0,"PRT","Call-Center","VIP","Sementara",76.5,"Booking",2015-07-20,43
"City Hotel",2015,2,2,0,0,"PRT","Call-Center","VIP","Sementara",55.08,"Check-In",2015-05-25,24
"City Hotel",2015,2,2,0,0,"PRT","Call-Center","EXC","Member",62,"Check-Out",2015-07-24,98
"City Hotel",2015,2,2,0,0,"PRT","Call-Center","VIP","Member",62,"Check-Out",2015-07-24,78
"City Hotel",2015,2,3,0,0,"PRT","Call-Center","VIP","Member",84,"Check-Out",2015-07-24,72
"City Hotel",2015,2,2,0,0,"PRT","Call-Center","VIP","Member",62,"Check-In",2015-07-02,9
"City Hotel",2015,2,2,0,0,"PRT","Call-Center","VIP","Member",62,"Check-In",2015-07-02,96
"City Hotel",2015,2,2,0,0,"PRT","Call-Center","VIP","Member",62,"Check-Out",2015-07-24,41
"City Hotel",2015,2,2,0,0,"PRT","Call-Center","VIP","Member",62,"Check-In",2015-07-17,57
"City Hotel",2015,2,2,0,0,"PRT","Call-Center","VIP","Member",62,"Check-In",2015-07-02,27
"City Hotel",2015,2,2,0,0,"PRT","Call-Center","VIP","Member",62,"Check-In",2015-07-02,67
"City Hotel",2015,2,2,0,0,"PRT","Call-Center","VIP","Member",62,"Check-Out",2015-07-24,14
"City Hotel",2015,2,2,0,0,"PRT","Call-Center","VIP","Member",62,"Check-In",2015-07-17,7
"City Hotel",2015,2,2,0,0,"PRT","Call-Center","VIP","Member",62,"Check-In",2015-07-02,22
"City Hotel",2015,2,2,0,0,"PRT","Call-Center","VIP","Member",62,"Check-Out",2015-07-24,74
"City Hotel",2015,2,2,0,0,"PRT","Call-Center","EXC","Member",62,"Check-Out",2015-07-24,81
"City Hotel",2015,2,1,0,0,"PRT","Call-Center","VIP","Member",0,"Check-Out",2015-07-24,83
"City Hotel",2015,2,3,0,0,"PRT","Call-Center","VIP","Member",84,"Check-Out",2015-07-24,19
"City Hotel",2015,2,2,0,0,"PRT","Call-Center","EXC","Member",62,"Check-Out",2015-07-24,49
"City Hotel",2015,2,2,0,0,"PRT","Call-Center","VIP","Member",62,"Check-Out",2015-07-24,53
"City Hotel",2015,2,2,0,0,"PRT","Call-Center","VIP","Member",62,"Check-In",2015-07-02,99
"City Hotel",2015,2,2,0,0,"PRT","Call-Center","VIP","Member",62,"Check-In",2015-07-02,23
"City Hotel",2015,2,2,0,0,"PRT","Call-Center","VIP","Member",62,"Check-Out",2015-07-24,39
"City Hotel",2015,2,2,0,0,"PRT","Call-Center","VIP","Member",62,"Check-In",2015-07-17,10
"City Hotel",2015,2,1,0,0,"PRT","Call-Center","VIP","Member",60,"Check-Out",2015-07-24,92
"City Hotel",2015,2,2,0,0,"PRT","Call-Center","VIP","Member",62,"Check-In",2015-07-02,56
"City Hotel",2015,2,2,0,0,"PRT","Call-Center","VIP","Member",62,"Check-In",2015-07-02,58
"City Hotel",2015,2,2,0,0,"PRT","Call-Center","VIP","Member",62,"Check-In",2015-07-02,1
"City Hotel",2015,2,2,0,0,"PRT","Call-Center","VIP","Member",62,"Check-Out",2015-07-24,68
"City Hotel",2015,2,2,0,0,"PRT","Call-Center","VIP","Member",62,"Check-In",2015-07-17,34
"City Hotel",2015,2,2,0,0,"PRT","Call-Center","VIP","Sementara",62,"Check-Out",2015-07-24,85
"City Hotel",2015,2,2,0,0,"PRT","Call-Center","VIP","Member",62,"Check-Out",2015-07-24,37
"City Hotel",2015,2,2,0,0,"PRT","Call-Center","EXC","Member",62,"Check-Out",2015-07-24,60
"City Hotel",2015,2,2,0,0,"PRT","Call-Center","VIP","Member",62,"Check-Out",2015-07-24,55
"City Hotel",2015,2,2,0,0,"PRT","Call-Center","VIP","Member",62,"Check-In",2015-07-17,20
"City Hotel",2015,2,3,0,0,"PRT","Call-Center","VIP","Member",84,"Check-Out",2015-07-24,17
"City Hotel",2015,3,2,0,0,"PRT","Langsung","VIP","Sementara",68.5,"Booking",2015-07-22,79
"City Hotel",2015,4,2,0,0,"PRT","Call-Center","VIP","Sementara",76.5,"Booking",2015-07-22,84
"City Hotel",2015,4,1,0,0,"PRT","Call-Center","VIP","Sementara",68,"Check-In",2015-06-12,62
"City Hotel",2015,4,2,0,0,"PRT","Call-Center","VIP","Sementara",76.5,"Booking",2015-07-22,77
"City Hotel",2015,5,2,0,0,"PRT","Call-Center","VIP","Sementara",76.5,"Check-In",2015-07-18,93
"City Hotel",2015,5,2,0,0,"PRT","Call-Center","VIP","Member",76.5,"Check-In",2015-05-18,44
"City Hotel",2015,5,2,0,0,"PRT","Call-Center","VIP","Member",76.5,"Check-In",2015-05-18,13
"City Hotel",2015,2,2,0,0,"PRT","Call-Center","VIP","Member",62,"Check-In",2015-07-02,32
"City Hotel",2015,2,2,0,0,"PRT","Call-Center","VIP","Member",62,"Check-Out",2015-07-24,51
"City Hotel",2015,2,1,0,0,"PRT","Call-Center","VIP","Member",0,"Check-Out",2015-07-24,80
"City Hotel",2015,2,2,0,0,"PRT","Call-Center","EXC","Member",62,"Check-Out",2015-07-24,54
"City Hotel",2015,2,2,0,0,"PRT","Call-Center","VIP","Member",62,"Check-In",2015-07-02,5
"City Hotel",2015,2,1,0,0,"PRT","Call-Center","VIP","Sementara",55.96,"Check-Out",2015-07-24,65
"City Hotel",2015,2,2,0,0,"PRT","Call-Center","VIP","Member",62,"Check-In",2015-07-17,6
"City Hotel",2015,2,2,0,0,"PRT","Call-Center","VIP","Member",62,"Check-Out",2015-07-24,21
"City Hotel",2015,2,2,0,0,"PRT","Call-Center","VIP","Member",62,"Check-In",2015-07-02,95
"City Hotel",2015,2,2,0,0,"PRT","Call-Center","VIP","Sementara",76.5,"Check-In",2015-04-24,16
"City Hotel",2015,1,2,0,0,"PRT","Call-Center","VIP","Member",90,"Check-Out",2015-07-24,61
"City Hotel",2015,1,2,0,0,"PRT","Call-Center","EXC","Member",90,"Check-Out",2015-07-24,64
"City Hotel",2015,1,2,0,0,"PRT","Call-Center","EXC","Member",90,"Check-Out",2015-07-24,97
"City Hotel",2015,1,2,0,0,"PRT","Call-Center","VIP","Member",90,"Check-Out",2015-07-24,52
"City Hotel",2015,1,2,0,0,"PRT","Call-Center","VIP","Member",90,"Check-Out",2015-07-24,26
"City Hotel",2015,1,2,0,0,"PRT","Call-Center","VIP","Member",90,"Check-Out",2015-07-24,63
"City Hotel",2015,1,2,0,0,"PRT","Call-Center","VIP","Member",90,"Check-Out",2015-07-24,100
"City Hotel",2015,1,2,0,0,"PRT","Call-Center","VIP","Member",90,"Check-Out",2015-07-24,70
"City Hotel",2015,1,2,0,0,"PRT","Call-Center","VIP","Member",90,"Check-Out",2015-07-24,2
"City Hotel",2015,1,1,0,0,"PRT","Call-Center","VIP","Member",65,"Check-Out",2015-07-24,8
"City Hotel",2015,1,2,0,0,"PRT","Call-Center","VIP","Member",90,"Check-Out",2015-07-24,29
"City Hotel",2015,1,2,0,0,"PRT","Call-Center","VIP","Member",90,"Check-Out",2015-07-24,87
"City Hotel",2015,1,1,0,0,"PRT","Call-Center","VIP","Member",0,"Check-Out",2015-07-24,69
"City Hotel",2015,1,2,0,0,"PRT","Call-Center","VIP","Member",90,"Check-Out",2015-07-24,30
"City Hotel",2015,1,2,0,0,"PRT","Call-Center","VIP","Member",90,"Check-Out",2015-07-24,31
"City Hotel",2015,1,2,0,0,"PRT","Call-Center","EXC","Member",90,"Check-Out",2015-07-24,90
"City Hotel",2015,1,2,0,0,"PRT","Call-Center","EXC","Member",90,"Check-Out",2015-07-24,73
"City Hotel",2015,1,2,0,0,"PRT","Call-Center","VIP","Member",90,"Check-Out",2015-07-24,3
"City Hotel",2015,1,2,0,0,"PRT","Call-Center","VIP","Member",90,"Check-Out",2015-07-24,86
"City Hotel",2015,1,2,0,0,"PRT","Call-Center","VIP","Member",90,"Check-Out",2015-07-24,18
"City Hotel",2015,1,2,0,0,"PRT","Call-Center","EXC","Member",90,"Check-Out",2015-07-24,91
"City Hotel",2015,1,1,0,0,"PRT","Call-Center","VIP","Member",65,"Check-Out",2015-07-24,33
"City Hotel",2015,1,2,0,0,"PRT","Call-Center","EXC","Member",90,"Check-Out",2015-07-24,50
"City Hotel",2015,1,2,0,0,"PRT","Call-Center","EXC","Member",90,"Check-Out",2015-07-24,42
"City Hotel",2015,1,2,0,0,"PRT","Call-Center","VIP","Member",90,"Check-Out",2015-07-24,75
"City Hotel",2015,1,3,0,0,"PRT","Call-Center","VIP","Member",130.5,"Check-Out",2015-07-24,15
"City Hotel",2015,1,2,0,0,"PRT","Call-Center","EXC","Member",98.2,"Check-Out",2015-07-24,45
"City Hotel",2015,1,2,0,0,"PRT","Call-Center","VIP","Member",90,"Check-Out",2015-07-24,66
"City Hotel",2015,1,1,0,0,"PRT","Call-Center","VIP","Member",0,"Check-Out",2015-07-24,47
"City Hotel",2015,1,2,0,0,"PRT","Call-Center","EXC","Member",90,"Check-Out",2015-07-24,46
"City Hotel",2015,1,2,0,0,"PRT","Call-Center","VIP","Member",90,"Check-Out",2015-07-24,88
"City Hotel",2015,1,2,0,0,"PRT","Call-Center","EXC","Member",90,"Check-Out",2015-07-24,28
"City Hotel",2015,1,2,0,0,"PRT","Call-Center","VIP","Member",90,"Check-Out",2015-07-24,11
"City Hotel",2015,1,2,0,0,"PRT","Call-Center","VIP","Member",98.2,"Check-Out",2015-07-24,82
"City Hotel",2015,1,2,0,0,"PRT","Call-Center","VIP","Member",90,"Check-Out",2015-07-24,89
"City Hotel",2015,1,2,0,0,"PRT","Call-Center","VIP","Member",90,"Check-Out",2015-07-24,12
"City Hotel",2015,1,2,0,0,"PRT","Call-Center","VIP","Member",90,"Check-Out",2015-07-24,4
"City Hotel",2015,1,2,0,0,"PRT","Call-Center","VIP","Member",90,"Check-Out",2015-07-24,76
"City Hotel",2015,2,1,0,0,"PRT","Call-Center","VIP","Sementara",68,"Check-In",2015-04-24,25
"City Hotel",2015,3,2,0,0,"PRT","Call-Center","VIP","Member",85,"Check-In",2015-06-30,36
"City Hotel",2015,3,1,0,0,"PRT","Call-Center","VIP","Member",17.6,"Check-In",2015-07-21,38
"City Hotel",2015,3,2,0,0,"PRT","Call-Center","VIP","Member",85,"Check-In",2015-06-30,94
"City Hotel",2015,3,2,0,0,"PRT","Call-Center","VIP","Member",85,"Check-In",2015-06-30,71
"City Hotel",2015,3,1,0,0,"PRT","Call-Center","VIP","Member",17.6,"Check-In",2015-07-21,35
"City Hotel",2015,5,0,0,0,"PRT","Call-Center","VIP","Member",0,"Check-Out",2015-07-30,40
"City Hotel",2015,3,2,0,0,"PRT","Call-Center","VIP","Sementara",76.5,"Check-In",2015-05-20,48
"City Hotel",2015,1,2,0,0,"PRT","Langsung","VIP","Sementara",0,"Check-Out",2015-07-25,59
"City Hotel",2015,2,2,1,0,"PRT","Langsung","EXC","Sementara",0,"Check-Out",2015-07-26,43
"City Hotel",2015,2,2,1,0,"PRT","Langsung","EXC","Sementara",0,"Check-Out",2015-07-26,24
"City Hotel",2015,2,1,0,0,"PRT","Langsung","VIP","Sementara",0,"Check-Out",2015-07-26,98
"City Hotel",2015,2,1,0,0,"PRT","Langsung","VIP","Sementara",0,"Check-Out",2015-07-26,78
"City Hotel",2015,1,1,0,0,"PRT","Call-Center","VIP","Member",0,"Check-Out",2015-07-26,72
"City Hotel",2015,1,2,0,0,"PRT","Call-Center","EXC","Sementara",76.5,"Check-Out",2015-07-26,9
"City Hotel",2015,1,2,1,0,"PRT","Langsung","VIP","Sementara",0,"Check-Out",2015-07-26,96
"City Hotel",2015,1,1,0,0,"PRT","Call-Center","VIP","Member",0,"Check-Out",2015-07-26,41
"City Hotel",2015,1,2,1,0,"PRT","Call-Center","EXC","Sementara",94,"Check-Out",2015-07-26,57
"City Hotel",2015,1,3,0,0,"PRT","Call-Center","EXC","Sementara",124.25,"Check-In",2015-04-24,27
"City Hotel",2015,1,2,0,0,"PRT","Call-Center","VIP","Sementara",76.5,"Check-In",2015-06-29,67
"City Hotel",2015,1,2,0,0,"ITA","Call-Center","VIP","Member",94.5,"Check-In",2015-07-22,14
"City Hotel",2015,1,2,0,0,"ITA","Call-Center","VIP","Member",94.5,"Check-In",2015-07-22,7
"City Hotel",2015,1,2,0,0,"ITA","Call-Center","EXC","Member",86,"Check-Out",2015-07-28,22
"City Hotel",2015,1,1,0,0,"PRT","Call-Center","VIP","Member",63,"Check-Out",2015-07-28,74
"City Hotel",2015,1,2,0,0,"ITA","Call-Center","VIP","Member",94.5,"Check-In",2015-07-22,81
"City Hotel",2015,1,2,0,0,"ITA","Call-Center","VIP","Member",94.5,"Check-In",2015-07-22,83
"City Hotel",2015,1,2,0,0,"ITA","Call-Center","VIP","Member",94.5,"Check-In",2015-07-22,19
"City Hotel",2015,1,2,0,0,"ITA","Call-Center","VIP","Member",94.5,"Check-In",2015-07-22,49
"City Hotel",2015,1,1,0,0,"PRT","Call-Center","VIP","Member",63,"Check-Out",2015-07-28,53
"City Hotel",2015,1,2,0,0,"ITA","Call-Center","VIP","Member",94.5,"Check-Out",2015-07-28,99
"City Hotel",2015,1,2,0,0,"ITA","Call-Center","VIP","Member",94.5,"Check-In",2015-07-16,23
"City Hotel",2015,1,2,0,0,"ITA","Call-Center","VIP","Member",94.5,"Check-In",2015-07-22,39
"City Hotel",2015,1,2,0,0,"ITA","Call-Center","VIP","Member",94.5,"Check-In",2015-07-22,10
"City Hotel",2015,1,2,0,0,"ITA","Call-Center","VIP","Member",94.5,"Check-In",2015-07-16,92
"City Hotel",2015,1,2,0,0,"ITA","Call-Center","VIP","Member",94.5,"Check-In",2015-07-22,56
"City Hotel",2015,1,2,0,0,"ITA","Call-Center","VIP","Member",94.5,"Check-In",2015-07-22,58
"City Hotel",2015,1,1,0,0,"PRT","Call-Center","VIP","Member",63,"Check-Out",2015-07-28,1
"City Hotel",2015,1,2,0,0,"ITA","Call-Center","VIP","Member",94.5,"Check-In",2015-07-22,68
"City Hotel",2015,1,2,0,0,"ITA","Call-Center","VIP","Member",94.5,"Check-In",2015-07-22,34
"City Hotel",2015,1,2,0,0,"ITA","Call-Center","VIP","Member",94.5,"Check-Out",2015-07-28,85
"City Hotel",2015,1,1,0,0,"ITA","Call-Center","VIP","Member",36.25,"Check-Out",2015-07-28,37
"City Hotel",2015,1,2,0,0,"ITA","Call-Center","VIP","Member",94.5,"Check-In",2015-07-16,60
"City Hotel",2015,1,2,0,0,"ITA","Call-Center","VIP","Member",94.5,"Check-In",2015-07-16,55
"City Hotel",2015,1,2,0,0,"PRT","Call-Center","VIP","Member",86,"Check-Out",2015-07-28,20
"City Hotel",2015,1,2,0,0,"PRT","Call-Center","VIP","Member",86,"Check-Out",2015-07-28,17
"City Hotel",2015,1,2,0,0,"ITA","Call-Center","VIP","Member",94.5,"Check-In",2015-07-22,79
"City Hotel",2015,1,2,0,0,"PRT","Call-Center","VIP","Member",86,"Check-Out",2015-07-28,84
"City Hotel",2015,1,2,0,0,"PRT","Call-Center","VIP","Member",86,"Check-Out",2015-07-28,62
"City Hotel",2015,1,2,0,0,"ITA","Call-Center","EXC","Member",94.5,"Check-Out",2015-07-28,77
"City Hotel",2015,1,2,0,0,"ITA","Call-Center","VIP","Member",94.5,"Check-In",2015-07-16,93
"City Hotel",2015,1,3,0,0,"PRT","Call-Center","EXC","Member",124.7,"Check-Out",2015-07-28,44
"City Hotel",2015,1,2,0,0,"PRT","Call-Center","VIP","Member",86,"Check-Out",2015-07-28,13
"City Hotel",2015,1,2,0,0,"ITA","Call-Center","VIP","Member",94.5,"Check-In",2015-07-22,32
"City Hotel",2015,1,2,0,0,"ITA","Call-Center","VIP","Member",94.5,"Check-In",2015-07-22,51
"City Hotel",2015,2,2,0,0,"PRT","Call-Center","VIP","Member",62,"Check-Out",2015-07-29,80
"City Hotel",2015,2,1,0,0,"PRT","Call-Center","EXC","Member",0,"Check-Out",2015-07-29,54
"City Hotel",2015,2,2,0,0,"ESP","Call-Center","VIP","Member",62,"Check-Out",2015-07-29,5
"City Hotel",2015,2,2,0,0,"PRT","Call-Center","EXC","Member",62,"Check-Out",2015-07-29,65
"City Hotel",2015,2,2,0,0,"PRT","Call-Center","VIP","Member",62,"Check-Out",2015-07-29,6
"City Hotel",2015,2,2,0,0,"PRT","Call-Center","EXC","Member",62,"Check-Out",2015-07-29,21
"City Hotel",2015,2,2,0,0,"PRT","Call-Center","VIP","Member",62,"Check-In",2015-07-22,95
"City Hotel",2015,2,2,0,0,"PRT","Call-Center","VIP","Member",62,"Check-In",2015-07-22,16
"City Hotel",2015,2,2,0,0,"PRT","Call-Center","VIP","Member",62,"Check-In",2015-07-22,61
"City Hotel",2015,2,2,0,0,"PRT","Call-Center","VIP","Member",62,"Check-In",2015-07-22,64
"City Hotel",2015,2,2,0,0,"PRT","Call-Center","EXC","Member",62,"Check-Out",2015-07-29,97
"City Hotel",2015,2,2,0,0,"PRT","Call-Center","EXC","Member",62,"Check-Out",2015-07-29,52
"City Hotel",2015,2,1,0,0,"PRT","Call-Center","EXC","Member",0,"Check-Out",2015-07-29,26
"City Hotel",2015,2,2,0,0,"PRT","Call-Center","EXC","Member",62,"Check-Out",2015-07-29,63
"City Hotel",2015,2,2,0,0,"PRT","Call-Center","EXC","Member",62,"Check-Out",2015-07-29,100
"City Hotel",2015,2,1,0,0,"PRT","Call-Center","EKO","Member",63,"Check-Out",2015-07-29,70
"City Hotel",2015,2,2,0,0,"PRT","Call-Center","EXC","Member",62,"Check-Out",2015-07-29,2
"City Hotel",2015,2,1,0,0,"PRT","Call-Center","EXC","Member",60,"Check-Out",2015-07-29,8
"City Hotel",2015,2,2,0,0,"PRT","Call-Center","VIP","Member",62,"Check-Out",2015-07-29,29
"City Hotel",2015,2,2,0,0,"PRT","Call-Center","VIP","Member",62,"Check-Out",2015-07-29,87
"City Hotel",2015,2,2,0,0,"PRT","Call-Center","VIP","Member",62,"Check-In",2015-07-22,69
"City Hotel",2015,2,2,0,0,"PRT","Call-Center","VIP","Member",62,"Check-In",2015-07-22,30
"City Hotel",2015,2,2,0,0,"PRT","Call-Center","EXC","Member",62,"Check-Out",2015-07-29,31
"City Hotel",2015,2,2,0,0,"PRT","Call-Center","VIP","Member",62,"Check-In",2015-07-22,90
"City Hotel",2015,2,2,0,0,"ITA","Call-Center","VIP","Member",62,"Check-Out",2015-07-29,73
"City Hotel",2015,2,2,0,0,"PRT","Call-Center","VIP","Member",62,"Check-In",2015-07-22,3
"City Hotel",2015,2,2,0,0,"PRT","Call-Center","VIP","Member",62,"Check-In",2015-07-22,86
"City Hotel",2015,2,2,0,0,"ESP","Call-Center","VIP","Member",62,"Check-Out",2015-07-29,18
"City Hotel",2015,2,2,0,0,"PRT","Call-Center","VIP","Member",62,"Check-Out",2015-07-29,91
"City Hotel",2015,2,2,0,0,"PRT","Call-Center","VIP","Member",62,"Check-In",2015-07-22,33
"City Hotel",2015,2,2,0,0,"PRT","Call-Center","VIP","Member",62,"Check-In",2015-07-22,50
"City Hotel",2015,2,2,0,0,"PRT","Call-Center","VIP","Member",62,"Check-In",2015-07-22,42
"City Hotel",2015,1,2,0,0,"PRT","Call-Center","VIP","Sementara",85.5,"Check-In",2015-04-16,75
"City Hotel",2015,1,2,0,0,"PRT","Langsung","EXC","Sementara",0,"Check-Out",2015-07-27,15
"City Hotel",2015,1,2,0,0,"PRT","Call-Center","VIP","Sementara",76.5,"Check-In",2015-05-07,45
"City Hotel",2015,3,2,0,0,"PRT","Call-Center","VIP","Sementara",0,"Check-Out",2015-07-31,66
"City Hotel",2015,3,2,0,0,"PRT","Call-Center","VIP","Sementara",58.9,"Check-In",2015-06-29,47
"City Hotel",2015,1,2,0,0,"PRT","Call-Center","VIP","Member",62,"Check-In",2015-07-02,46
"City Hotel",2015,1,2,0,0,"ESP","Call-Center","VIP","Member",62,"Check-Out",2015-07-29,88
"City Hotel",2015,1,2,0,0,"PRT","Call-Center","VIP","Member",62,"Check-In",2015-07-22,28
"City Hotel",2015,1,2,0,0,"PRT","Call-Center","VIP","Member",62,"Check-In",2015-07-22,11
"City Hotel",2015,1,2,0,0,"ESP","Call-Center","VIP","Member",62,"Check-Out",2015-07-29,82
"City Hotel",2015,1,2,0,0,"PRT","Call-Center","VIP","Member",62,"Check-In",2015-07-02,89
"City Hotel",2015,1,2,0,0,"PRT","Call-Center","VIP","Member",62,"Check-In",2015-07-02,12
"City Hotel",2015,1,3,0,0,"ESP","Call-Center","EXC","Member",84,"Check-Out",2015-07-29,4
"City Hotel",2015,1,2,0,0,"PRT","Call-Center","VIP","Member",62,"Check-In",2015-07-22,76
"City Hotel",2015,1,2,0,0,"PRT","Call-Center","VIP","Member",62,"Check-In",2015-07-22,25
"City Hotel",2015,1,2,0,0,"PRT","Call-Center","VIP","Member",62,"Check-In",2015-07-02,36
"City Hotel",2015,1,2,0,0,"PRT","Call-Center","VIP","Member",62,"Check-In",2015-07-02,38
"City Hotel",2015,1,2,0,0,"PRT","Call-Center","VIP","Member",62,"Check-In",2015-07-22,94
"City Hotel",2015,1,2,0,0,"ESP","Call-Center","VIP","Member",62,"Check-Out",2015-07-29,71
"City Hotel",2015,1,2,0,0,"ESP","Call-Center","VIP","Member",62,"Check-Out",2015-07-29,35
"City Hotel",2015,1,2,0,0,"PRT","Call-Center","VIP","Member",62,"Check-Out",2015-07-29,40
"City Hotel",2015,1,1,0,0,"ESP","Call-Center","VIP","Member",60,"Check-Out",2015-07-29,48
"City Hotel",2015,1,1,0,0,"ESP","Call-Center","VIP","Member",0,"Check-Out",2015-07-29,59
"City Hotel",2015,1,2,0,0,"PRT","Call-Center","VIP","Member",62,"Check-In",2015-07-02,43
"City Hotel",2015,1,2,0,0,"PRT","Call-Center","VIP","Member",62,"Check-In",2015-07-02,24
"City Hotel",2015,1,2,0,0,"PRT","Call-Center","VIP","Sementara",76.5,"Check-In",2015-07-06,98
"City Hotel",2015,1,3,0,0,"PRT","Call-Center","EXC","Member",84,"Check-Out",2015-07-29,78
"City Hotel",2015,1,2,0,0,"ESP","Call-Center","VIP","Member",62,"Check-Out",2015-07-29,72
"City Hotel",2015,1,2,0,0,"ESP","Call-Center","VIP","Member",62,"Check-Out",2015-07-29,9
"City Hotel",2015,1,1,0,0,"ESP","Call-Center","VIP","Member",60,"Check-Out",2015-07-29,96
"City Hotel",2015,1,1,0,0,"ESP","Call-Center","VIP","Member",0,"Check-Out",2015-07-29,41
"City Hotel",2015,1,2,0,0,"PRT","Call-Center","VIP","Member",62,"Check-In",2015-07-02,57
"City Hotel",2015,1,2,0,0,"PRT","Call-Center","VIP","Member",62,"Check-In",2015-07-02,27
"City Hotel",2015,1,2,0,0,"PRT","Call-Center","VIP","Member",62,"Check-In",2015-07-02,67
"City Hotel",2015,1,2,0,0,"PRT","Call-Center","VIP","Member",62,"Check-In",2015-07-02,14
"City Hotel",2015,1,2,0,0,"PRT","Call-Center","VIP","Member",62,"Check-In",2015-07-22,7
"City Hotel",2015,1,2,0,0,"PRT","Call-Center","VIP","Member",62,"Check-In",2015-07-02,22
"City Hotel",2015,1,2,0,0,"PRT","Call-Center","VIP","Member",62,"Check-In",2015-07-02,74
"City Hotel",2015,1,2,0,0,"PRT","Call-Center","VIP","Member",62,"Check-In",2015-07-02,81
"City Hotel",2015,1,2,0,0,"PRT","Call-Center","VIP","Member",62,"Check-In",2015-07-22,83
"City Hotel",2015,1,2,0,0,"ESP","Call-Center","VIP","Member",62,"Check-Out",2015-07-29,19
"City Hotel",2015,1,3,0,0,"ESP","Call-Center","EXC","Member",84,"Check-Out",2015-07-29,49
"City Hotel",2015,1,2,0,0,"PRT","Call-Center","VIP","Member",62,"Check-Out",2015-07-29,53
"City Hotel",2015,1,2,0,0,"PRT","Call-Center","VIP","Member",62,"Check-In",2015-07-22,99
"City Hotel",2015,1,2,0,0,"PRT","Call-Center","VIP","Member",62,"Check-In",2015-07-02,23
"City Hotel",2015,1,2,0,0,"ESP","Call-Center","VIP","Member",62,"Check-Out",2015-07-29,39
"City Hotel",2015,1,2,0,0,"ESP","Call-Center","VIP","Member",62,"Check-Out",2015-07-29,10
"City Hotel",2015,1,1,0,0,"ESP","Call-Center","VIP","Member",60,"Check-Out",2015-07-29,92
"City Hotel",2015,1,2,0,0,"PRT","Call-Center","VIP","Member",62,"Check-In",2015-07-02,56
"City Hotel",2015,1,2,0,0,"PRT","Call-Center","VIP","Member",62,"Check-In",2015-07-02,58
"City Hotel",2015,1,3,0,0,"PRT","Call-Center","VIP","Member",84,"Check-In",2015-07-22,1
"City Hotel",2015,1,2,0,0,"PRT","Call-Center","VIP","Member",62,"Check-In",2015-07-22,68
"City Hotel",2015,1,2,0,0,"PRT","Call-Center","VIP","Member",62,"Check-In",2015-07-02,34
"City Hotel",2015,2,2,0,0,"PRT","Call-Center","EXC","Member",85.5,"Check-Out",2015-07-30,85
"City Hotel",2015,2,1,0,0,"PRT","Langsung","VIP","Sementara",65,"Check-Out",2015-07-30,37
"City Hotel",2015,2,2,0,0,"DEU","Call-Center","VIP","Sementara",75,"Check-Out",2015-07-30,60
"City Hotel",2015,2,2,0,0,"FRA","Call-Center","EXC","Member",76.5,"Check-Out",2015-07-30,55
"City Hotel",2015,2,2,0,0,"PRT","Call-Center","VIP","Sementara",76.5,"Check-In",2015-06-12,20
"City Hotel",2015,2,2,0,0,"NLD","Call-Center","VIP","Sementara",76.5,"Check-Out",2015-07-30,17
"City Hotel",2015,7,2,1,0,"GBR","Call-Center","EXC","Sementara",69.4,"Check-Out",2015-08-06,79
"City Hotel",2015,7,2,0,0,"PRT","Call-Center","EXC","Sementara",55.9,"Check-Out",2015-08-06,84
"City Hotel",2015,1,2,0,0,"PRT","Langsung","VIP","Sementara",0,"Check-Out",2015-07-28,62
"City Hotel",2015,1,2,0,0,"PRT","Langsung","VIP","Sementara",0,"Check-Out",2015-07-28,77
"City Hotel",2015,2,1,0,0,"PRT","Langsung","VIP","Sementara",65,"Check-Out",2015-07-30,93
"City Hotel",2015,2,2,0,0,"PRT","Langsung","EXC","Sementara",0,"Check-Out",2015-07-30,44
"City Hotel",2015,3,2,0,0,"PRT","Langsung","EXC","Sementara",0,"Check-Out",2015-07-31,13
"City Hotel",2015,3,2,1,0,"ROU","Call-Center","EXC","Sementara",91.38,"Check-Out",2015-07-31,32
"City Hotel",2015,5,3,0,0,"DEU","Call-Center","EXC","Sementara",88.4,"Check-Out",2015-08-04,51
"City Hotel",2015,5,2,0,0,"DEU","Call-Center","VIP","Sementara",88.4,"Check-Out",2015-08-04,80
"City Hotel",2015,1,1,0,0,"PRT","Langsung","VIP","Sementara",65,"Check-Out",2015-07-30,54
"City Hotel",2015,1,2,0,0,"PRT","Call-Center","EXC","Sementara",0,"Check-Out",2015-07-30,5
"City Hotel",2015,3,2,0,1,"PRT","Call-Center","VIP","Member",76.5,"Check-Out",2015-08-01,65
"City Hotel",2015,3,2,0,0,"BRA","Call-Center","VIP","Sementara",58.9,"Check-Out",2015-08-01,6
"City Hotel",2015,3,2,1,0,"PRT","Call-Center","VIP","Member",76.5,"Check-Out",2015-08-01,21
"City Hotel",2015,5,2,1,0,"PRT","Call-Center","VIP","Sementara",106.75,"Check-In",2015-06-03,95
"City Hotel",2015,5,2,0,0,"FRA","Call-Center","VIP","Sementara",76.5,"Check-Out",2015-08-05,16
"City Hotel",2015,5,2,0,0,"SWE","Call-Center","VIP","Sementara",46.66,"Check-Out",2015-08-05,61
"City Hotel",2015,1,1,0,0,"PRT","Langsung","VIP","Sementara",65,"Check-Out",2015-07-30,64
"City Hotel",2015,3,2,0,0,"PRT","Call-Center","EXC","Sementara",76.5,"Check-Out",2015-08-02,97
"City Hotel",2015,3,2,0,0,"PRT","Call-Center","VIP","Sementara",55.08,"Check-In",2015-05-05,52
"City Hotel",2015,1,2,0,0,"PRT","Call-Center","VIP","Sementara",76.5,"Check-In",2015-07-11,26
"City Hotel",2015,2,2,0,0,"DEU","Call-Center","VIP","Sementara",55.96,"Check-Out",2015-08-02,63
"City Hotel",2015,2,2,0,0,"PRT","Call-Center","VIP","Sementara",36,"Check-Out",2015-08-04,100
"City Hotel",2015,3,1,0,0,"GBR","Call-Center","VIP","Sementara",68,"Check-Out",2015-08-05,70
"City Hotel",2015,7,2,1,0,"PRT","Call-Center","EXC","Member",75.79,"Check-Out",2015-08-09,2
"City Hotel",2015,7,2,0,0,"PRT","Call-Center","VIP","Member",63.46,"Check-Out",2015-08-09,8
"City Hotel",2015,7,2,0,0,"PRT","Call-Center","VIP","Member",63.46,"Check-Out",2015-08-09,29
"City Hotel",2015,11,1,0,0,"PRT","Call-Center","VIP","Sementara",68,"Booking",2015-07-31,87
